<?xml version="1.0" encoding="UTF-8"?>
<jcr:root xmlns:sling="http://sling.apache.org/jcr/sling/1.0" xmlns:cq="http://www.day.com/jcr/cq/1.0" xmlns:jcr="http://www.jcp.org/jcr/1.0" xmlns:nt="http://www.jcp.org/jcr/nt/1.0"
    jcr:primaryType="cq:Page">
    <jcr:content
        cq:designPath="/etc/designs/phonegap/Nextrow/nextApp"
        cq:lastModified="{Date}2014-09-04T16:49:51.266-04:00"
        cq:lastModifiedBy="admin"
        jcr:primaryType="cq:PageContent"
        jcr:title="nextApp App"
        sling:resourceType="mobileapps/phonegap/components/instance"
        phonegap-build-exportTemplate="../../shell/jcr:content/pge-app/nextApp"
        phonegap-build-exportTemplate-dev="../../shell/jcr:content/pge-app/nextApp-dev"
        phonegap-exportTemplate="../jcr:content/pge-app/app-config">
        <pge-app jcr:primaryType="nt:unstructured">
            <app-content jcr:primaryType="nt:unstructured">
                <phonegap/>
            </app-content>
            <app-config/>
            <app-config-dev/>
            <nextApp/>
            <nextApp-dev/>
        </pge-app>
        <screenshots
            jcr:primaryType="nt:unstructured"
            jcr:title="Screenshots"
            sling:resourceSuperType="sling/collection"
            sling:resourceType="dam/collection">
            <sling:members
                jcr:primaryType="nt:unstructured"
                sling:resources="[]"/>
        </screenshots>
        <widget jcr:primaryType="nt:unstructured">
            <content
                jcr:primaryType="nt:unstructured"
                src="../../../../en"/>
        </widget>
    </jcr:content>
</jcr:root>
