<?xml version="1.0" encoding="UTF-8"?>
<jcr:root xmlns:sling="http://sling.apache.org/jcr/sling/1.0" xmlns:cq="http://www.day.com/jcr/cq/1.0" xmlns:jcr="http://www.jcp.org/jcr/1.0" xmlns:nt="http://www.jcp.org/jcr/nt/1.0"
    jcr:primaryType="cq:Page">
    <clientlibsall/>
    <jcr:content
        cq:lastModified="{Date}2015-11-23T18:20:43.801-05:00"
        cq:lastModifiedBy="admin"
        jcr:primaryType="nt:unstructured"
        jcr:title="nextApp App Design"
        sling:resourceType="wcm/core/components/designer">
        <ng-ionic-page jcr:primaryType="nt:unstructured">
            <content-par
                jcr:lastModified="{Date}2014-03-26T10:01:29.273-06:00"
                jcr:lastModifiedBy="admin"
                jcr:primaryType="nt:unstructured"
                sling:resourceType="foundation/components/parsys"
                components="[group:Nextrow nextApp,group:PhoneGap]">
                <section jcr:primaryType="nt:unstructured"/>
            </content-par>
        </ng-ionic-page>
        <modal-page jcr:primaryType="nt:unstructured">
            <content-par
                jcr:lastModified="{Date}2015-11-23T18:20:43.784-05:00"
                jcr:lastModifiedBy="admin"
                jcr:primaryType="nt:unstructured"
                sling:resourceType="foundation/components/parsys"
                components="[/libs/foundation/components/text,/libs/mobileapps/components/image]">
                <section jcr:primaryType="nt:unstructured"/>
            </content-par>
        </modal-page>
    </jcr:content>
</jcr:root>
